\i schema.sql

-- Dados de esporte
INSERT INTO ESPORTE (NOME, DESCRICAO) VALUES ('FUTEBOL', 'Esporte coletivo praticado entre duas equipes de 11 jogadores cada');
INSERT INTO ESPORTE (NOME, DESCRICAO) VALUES ('VOLEI', 'Esporte coletivo praticado entre duas equipes de 6 jogadores cada');
INSERT INTO ESPORTE (NOME, DESCRICAO) VALUES ('BASQUETE', 'Esporte coletivo praticado entre duas equipes de 5 jogadores cada');
INSERT INTO ESPORTE (NOME, DESCRICAO) VALUES ('TENIS', 'Esporte praticado entre dois jogadores ou entre duas duplas');

-- Dados de centro de treinamento
INSERT INTO CENTRO_TREINAMENTO (CNPJ, NOME, RUA, NUMERO, CEP, CIDADE, ESTADO, BAIRRO) VALUES ('00.000.000/0001-00', 'Centro de Treinamento do Palmeiras', 'Rua Turiassu', 1840, '05005-000', 'Sao Paulo', 'SP', 'Perdizes');
INSERT INTO CENTRO_TREINAMENTO (CNPJ, NOME, RUA, NUMERO, CEP, CIDADE, ESTADO, BAIRRO) VALUES ('00.000.000/0002-00', 'Centro de Treinamento do Vasco', 'Rua Gen. Almério de Moura', 131, '20921-060', 'Rio de Janeiro', 'RJ', 'Vasco da Gama');
INSERT INTO CENTRO_TREINAMENTO (CNPJ, NOME, RUA, NUMERO, CEP, CIDADE, ESTADO, BAIRRO) VALUES ('00.000.000/0003-00', 'Centro de Treinamento do Flamengo', 'Av. Borges de Medeiros', 997, '22430-041', 'Rio de Janeiro', 'RJ', 'Lagoa');

-- Dados de administrador
INSERT INTO ADMINISTRADOR (CPF, NOME, DATA_NASCIMENTO) VALUES ('111.111.111-11', 'Administrador1', TO_DATE('1990/01/01', 'YYYY/MM/DD'));
INSERT INTO ADMINISTRADOR (CPF, NOME, DATA_NASCIMENTO) VALUES ('222.222.222-22', 'Administrador2', TO_DATE('1990/01/01', 'YYYY/MM/DD'));
INSERT INTO ADMINISTRADOR (CPF, NOME, DATA_NASCIMENTO) VALUES ('333.333.333-33', 'Administrador3', TO_DATE('1990/01/01', 'YYYY/MM/DD'));
INSERT INTO ADMINISTRADOR (CPF, NOME, DATA_NASCIMENTO) VALUES ('444.444.444-44', 'Administrador4', TO_DATE('1990/01/01', 'YYYY/MM/DD'));
INSERT INTO ADMINISTRADOR (CPF, NOME, DATA_NASCIMENTO) VALUES ('555.555.555-55', 'Administrador5', TO_DATE('1990/01/01', 'YYYY/MM/DD'));
INSERT INTO ADMINISTRADOR (CPF, NOME, DATA_NASCIMENTO) VALUES ('666.666.666-66', 'Administrador6', TO_DATE('1990/01/01', 'YYYY/MM/DD'));
INSERT INTO ADMINISTRADOR (CPF, NOME, DATA_NASCIMENTO) VALUES ('777.777.777-77', 'Administrador7', TO_DATE('1990/01/01', 'YYYY/MM/DD'));


-- Dados de time
INSERT INTO TIME (NOME, ESPORTE_NOME, DESEMPENHO, ADMINISTRADOR_CPF) VALUES ('PALMEIRAS', 'FUTEBOL', 0, '111.111.111-11');
INSERT INTO TIME (NOME, ESPORTE_NOME, DESEMPENHO, ADMINISTRADOR_CPF) VALUES ('VASCO', 'FUTEBOL', 0, '222.222.222-22');
INSERT INTO TIME (NOME, ESPORTE_NOME, DESEMPENHO, ADMINISTRADOR_CPF) VALUES ('FLAMENGO', 'FUTEBOL', 0, '333.333.333-33');
INSERT INTO TIME (NOME, ESPORTE_NOME, DESEMPENHO, ADMINISTRADOR_CPF) VALUES ('BOTAFOGO', 'FUTEBOL', 0, '444.444.444-44');
INSERT INTO TIME (NOME, ESPORTE_NOME, DESEMPENHO, ADMINISTRADOR_CPF) VALUES ('CHAPECOENSE', 'FUTEBOL', 0, '555.555.555-55');
INSERT INTO TIME (NOME, ESPORTE_NOME, DESEMPENHO, ADMINISTRADOR_CPF) VALUES ('SANTOS', 'FUTEBOL', 0, '666.666.666-66');
INSERT INTO TIME (NOME, ESPORTE_NOME, DESEMPENHO, ADMINISTRADOR_CPF) VALUES ('UNIDOS', 'FUTEBOL', 0, '777.777.777-77');

-- Dados de Campeonato
INSERT INTO CAMPEONATO (ESPORTE_NOME, ANO, NOME, CENTRO_TREINAMENTO_CNPJ, VENCEDOR) VALUES ('FUTEBOL', 2020, 'Campeonato Paulista', '00.000.000/0001-00', 1);
INSERT INTO CAMPEONATO (ESPORTE_NOME, ANO, NOME, CENTRO_TREINAMENTO_CNPJ, VENCEDOR) VALUES ('FUTEBOL', 2020, 'Campeonato Carioca', '00.000.000/0002-00', 1);
INSERT INTO CAMPEONATO (ESPORTE_NOME, ANO, NOME, CENTRO_TREINAMENTO_CNPJ, VENCEDOR) VALUES ('FUTEBOL', 2020, 'Campeonato Mineiro', '00.000.000/0003-00', 2);

-- Dados de times participantes
INSERT INTO TIMES_PARTICIPANTES (TIME_ID, CAMPEONATO_ID) VALUES (1, 1);
INSERT INTO TIMES_PARTICIPANTES (TIME_ID, CAMPEONATO_ID) VALUES (2, 1);
INSERT INTO TIMES_PARTICIPANTES (TIME_ID, CAMPEONATO_ID) VALUES (3, 1);
INSERT INTO TIMES_PARTICIPANTES (TIME_ID, CAMPEONATO_ID) VALUES (4, 1);

-- Dados de Arbitro
INSERT INTO ARBITRO (CPF, NOME, DATA_NASCIMENTO, FEDERACAO, COD_REGISTRO) VALUES ('111.111.111-11', 'Arbitro 1', TO_DATE('1990/01/01', 'YYYY/MM/DD'), 'FEDERACAO 1', 'COD1');
INSERT INTO ARBITRO (CPF, NOME, DATA_NASCIMENTO, FEDERACAO, COD_REGISTRO) VALUES ('222.222.222-22', 'Arbitro 2', TO_DATE('1990/01/01', 'YYYY/MM/DD'), 'FEDERACAO 2', 'COD2');
INSERT INTO ARBITRO (CPF, NOME, DATA_NASCIMENTO, FEDERACAO, COD_REGISTRO) VALUES ('333.333.333-33', 'Arbitro 3', TO_DATE('1990/01/01', 'YYYY/MM/DD'), 'FEDERACAO 3', 'COD3');

-- Dados especialidade arbitros
INSERT INTO ESPECIALIDADE_ARBITROS (ESPORTE_NOME, ARBITRO_CPF) VALUES ('FUTEBOL', '111.111.111-11');
INSERT INTO ESPECIALIDADE_ARBITROS (ESPORTE_NOME, ARBITRO_CPF) VALUES ('VOLEI', '111.111.111-11');
INSERT INTO ESPECIALIDADE_ARBITROS (ESPORTE_NOME, ARBITRO_CPF) VALUES ('BASQUETE', '111.111.111-11');

-- Dados de partida
INSERT INTO PARTIDA (CAMPEONATO_ID, DATA_HORA, LOCAL, ARBITRO1_CPF, ARBITRO2_CPF, ARBITRO3_CPF, VENCEDOR) VALUES (1, TO_TIMESTAMP('2020-12-01 16:30:00', 'YYYY-MM-DD HH24:MI:SS'), 'SAO CARLOS', '111.111.111-11', '222.222.222-22', '333.333.333-33', 1);
INSERT INTO PARTIDA (CAMPEONATO_ID, DATA_HORA, LOCAL, ARBITRO1_CPF, ARBITRO2_CPF, ARBITRO3_CPF, VENCEDOR) VALUES (1, TO_TIMESTAMP('2020-12-02 16:30:00', 'YYYY-MM-DD HH24:MI:SS'), 'SAO CARLOS', '111.111.111-11', '222.222.222-22', '333.333.333-33', 2);
INSERT INTO PARTIDA (CAMPEONATO_ID, DATA_HORA, LOCAL, ARBITRO1_CPF, ARBITRO2_CPF, ARBITRO3_CPF, VENCEDOR) VALUES (1, TO_TIMESTAMP('2020-12-03 16:30:00', 'YYYY-MM-DD HH24:MI:SS'), 'SAO CARLOS', '111.111.111-11', '222.222.222-22', '333.333.333-33', 3);
INSERT INTO PARTIDA (CAMPEONATO_ID, DATA_HORA, LOCAL, ARBITRO1_CPF, ARBITRO2_CPF, ARBITRO3_CPF, VENCEDOR) VALUES (1, TO_TIMESTAMP('2020-12-04 16:30:00', 'YYYY-MM-DD HH24:MI:SS'), 'SAO CARLOS', '111.111.111-11', '222.222.222-22', '333.333.333-33', 4);

-- Dados de partida times
INSERT INTO PARTIDA_TIMES (TIME_ID, PARTIDA_ID, DESEMPENHO) VALUES (1, 1, 0);
INSERT INTO PARTIDA_TIMES (TIME_ID, PARTIDA_ID, DESEMPENHO) VALUES (2, 1, 0);
INSERT INTO PARTIDA_TIMES (TIME_ID, PARTIDA_ID, DESEMPENHO) VALUES (3, 1, 0);
INSERT INTO PARTIDA_TIMES (TIME_ID, PARTIDA_ID, DESEMPENHO) VALUES (4, 1, 0);
INSERT INTO PARTIDA_TIMES (TIME_ID, PARTIDA_ID, DESEMPENHO) VALUES (1, 2, 0);
INSERT INTO PARTIDA_TIMES (TIME_ID, PARTIDA_ID, DESEMPENHO) VALUES (2, 2, 0);
INSERT INTO PARTIDA_TIMES (TIME_ID, PARTIDA_ID, DESEMPENHO) VALUES (3, 2, 0);
INSERT INTO PARTIDA_TIMES (TIME_ID, PARTIDA_ID, DESEMPENHO) VALUES (4, 2, 0);

-- Dados de atleta
INSERT INTO ATLETA (CPF, NOME, DATA_NASCIMENTO) VALUES ('400.560.298-61', 'REINALDO', TO_DATE('1995/09/02', 'YYYY/MM/DD'));
INSERT INTO ATLETA (CPF, NOME, DATA_NASCIMENTO) VALUES ('400.560.298-60', 'JOSE', TO_DATE('1997/10/12', 'YYYY/MM/DD'));
INSERT INTO ATLETA (CPF, NOME, DATA_NASCIMENTO) VALUES ('111.460.298-60', 'ALFREDO', TO_DATE('1990/01/22', 'YYYY/MM/DD'));
INSERT INTO ATLETA (CPF, NOME, DATA_NASCIMENTO) VALUES ('103.460.333-60', 'EDERSON', TO_DATE('1989/10/10', 'YYYY/MM/DD'));
INSERT INTO ATLETA (CPF, NOME, DATA_NASCIMENTO) VALUES ('011.460.298-60', 'NETO', TO_DATE('1991/09/02', 'YYYY/MM/DD'));

-- Dados de Atleta Time
INSERT INTO ATLETA_TIME (ATLETA_CPF, TIME_ID) VALUES ('400.560.298-61', 6);
INSERT INTO ATLETA_TIME (ATLETA_CPF, TIME_ID) VALUES ('400.560.298-60', 1);
INSERT INTO ATLETA_TIME (ATLETA_CPF, TIME_ID) VALUES ('111.460.298-60', 5);
INSERT INTO ATLETA_TIME (ATLETA_CPF, TIME_ID) VALUES ('103.460.333-60', 6);
INSERT INTO ATLETA_TIME (ATLETA_CPF, TIME_ID) VALUES ('011.460.298-60', 5);


-- Dados de Tecnico
INSERT INTO TECNICO (CPF, NOME, DATA_NASCIMENTO) VALUES ('111.111.111-11', 'Tecnico 1', TO_DATE('1990/01/01', 'YYYY/MM/DD'));
INSERT INTO TECNICO (CPF, NOME, DATA_NASCIMENTO) VALUES ('222.222.222-22', 'Tecnico 2', TO_DATE('1990/01/01', 'YYYY/MM/DD'));
INSERT INTO TECNICO (CPF, NOME, DATA_NASCIMENTO) VALUES ('333.333.333-33', 'Tecnico 3', TO_DATE('1990/01/01', 'YYYY/MM/DD'));


-- Dados de Contratacao 
INSERT INTO CONTRATACAO (TECNICO_CPF, CENTRO_TREINAMENTO_CNPJ, DATA_INICIO, DATA_FIM) VALUES ('111.111.111-11', '00.000.000/0001-00', TO_DATE('2020/01/01', 'YYYY/MM/DD'), TO_DATE('2020/12/31', 'YYYY/MM/DD'));
INSERT INTO CONTRATACAO (TECNICO_CPF, CENTRO_TREINAMENTO_CNPJ, DATA_INICIO, DATA_FIM) VALUES ('222.222.222-22', '00.000.000/0002-00', TO_DATE('2020/01/01', 'YYYY/MM/DD'), TO_DATE('2020/12/31', 'YYYY/MM/DD'));
INSERT INTO CONTRATACAO (TECNICO_CPF, CENTRO_TREINAMENTO_CNPJ, DATA_INICIO, DATA_FIM) VALUES ('333.333.333-33', '00.000.000/0003-00', TO_DATE('2020/01/01', 'YYYY/MM/DD'), TO_DATE('2020/12/31', 'YYYY/MM/DD'));

-- Dados de patrocinador
INSERT INTO PATROCINADOR (CNPJ, NOME) VALUES ('00.000.000/0001-00', 'Patrocinador 1');
INSERT INTO PATROCINADOR (CNPJ, NOME) VALUES ('00.000.000/0002-00', 'Patrocinador 2');


-- Dados de faculdade
INSERT INTO FACULDADE (CNPJ, NOME) VALUES ('00.000.000/0001-00', 'Faculdade 1');
INSERT INTO FACULDADE (CNPJ, NOME) VALUES ('00.000.000/0002-00', 'Faculdade 2');
INSERT INTO FACULDADE (CNPJ, NOME) VALUES ('00.000.000/0003-00', 'Faculdade 3');

-- Dados de bolsa
INSERT INTO BOLSA (FACULDADE_CNPJ, ATLETA_CPF, DATA_INICIO, DATA_FIM) VALUES ('00.000.000/0001-00', '400.560.298-61', TO_DATE('2020/01/01', 'YYYY/MM/DD'), TO_DATE('2020/12/31', 'YYYY/MM/DD'));
INSERT INTO BOLSA (FACULDADE_CNPJ, ATLETA_CPF, DATA_INICIO, DATA_FIM) VALUES ('00.000.000/0002-00', '400.560.298-60', TO_DATE('2020/01/01', 'YYYY/MM/DD'), TO_DATE('2020/12/31', 'YYYY/MM/DD'));
INSERT INTO BOLSA (FACULDADE_CNPJ, ATLETA_CPF, DATA_INICIO, DATA_FIM) VALUES ('00.000.000/0003-00', '111.460.298-60', TO_DATE('2020/01/01', 'YYYY/MM/DD'), TO_DATE('2020/12/31', 'YYYY/MM/DD'));

-- Dados de treinamento 
INSERT INTO TREINAMENTO (TIME_ID, TECNICO_CPF, CENTRO_TREINAMENTO_CNPJ, DATA_HORA) VALUES (1, '111.111.111-11', '00.000.000/0001-00', TO_TIMESTAMP('2020-12-01 16:30:00', 'YYYY-MM-DD HH24:MI:SS'));
INSERT INTO TREINAMENTO (TIME_ID, TECNICO_CPF, CENTRO_TREINAMENTO_CNPJ, DATA_HORA) VALUES (2, '111.111.111-11', '00.000.000/0001-00', TO_TIMESTAMP('2020-12-02 16:30:00', 'YYYY-MM-DD HH24:MI:SS'));
INSERT INTO TREINAMENTO (TIME_ID, TECNICO_CPF, CENTRO_TREINAMENTO_CNPJ, DATA_HORA) VALUES (3, '111.111.111-11', '00.000.000/0001-00', TO_TIMESTAMP('2020-12-03 16:30:00', 'YYYY-MM-DD HH24:MI:SS'));
INSERT INTO TREINAMENTO (TIME_ID, TECNICO_CPF, CENTRO_TREINAMENTO_CNPJ, DATA_HORA) VALUES (4, '111.111.111-11', '00.000.000/0001-00', TO_TIMESTAMP('2020-12-04 16:30:00', 'YYYY-MM-DD HH24:MI:SS'));
INSERT INTO TREINAMENTO (TIME_ID, TECNICO_CPF, CENTRO_TREINAMENTO_CNPJ, DATA_HORA) VALUES (1, '222.222.222-22', '00.000.000/0002-00', TO_TIMESTAMP('2020-12-01 16:30:00', 'YYYY-MM-DD HH24:MI:SS'));
INSERT INTO TREINAMENTO (TIME_ID, TECNICO_CPF, CENTRO_TREINAMENTO_CNPJ, DATA_HORA) VALUES (2, '222.222.222-22', '00.000.000/0002-00', TO_TIMESTAMP('2020-12-02 16:30:00', 'YYYY-MM-DD HH24:MI:SS'));
INSERT INTO TREINAMENTO (TIME_ID, TECNICO_CPF, CENTRO_TREINAMENTO_CNPJ, DATA_HORA) VALUES (3, '222.222.222-22', '00.000.000/0002-00', TO_TIMESTAMP('2020-12-03 16:30:00', 'YYYY-MM-DD HH24:MI:SS'));
INSERT INTO TREINAMENTO (TIME_ID, TECNICO_CPF, CENTRO_TREINAMENTO_CNPJ, DATA_HORA) VALUES (4, '222.222.222-22', '00.000.000/0002-00', TO_TIMESTAMP('2020-12-04 16:30:00', 'YYYY-MM-DD HH24:MI:SS'));

-- Additional data for Query 1 and Query 6:
-- Players participating in all championships of their sport in 2023 and the current year

-- Insert new championships in 2023
INSERT INTO CAMPEONATO (ESPORTE_NOME, ANO, NOME, CENTRO_TREINAMENTO_CNPJ, VENCEDOR) VALUES
('FUTEBOL', 2023, 'Campeonato Nacional 2023', '00.000.000/0001-00', 1),
('FUTEBOL', 2023, 'Campeonato Estadual 2023', '00.000.000/0002-00', 2);

-- Insert teams participating in these championships
INSERT INTO TIMES_PARTICIPANTES (TIME_ID, CAMPEONATO_ID) VALUES
(1, (SELECT ID FROM CAMPEONATO WHERE NOME = 'Campeonato Nacional 2023')),
(2, (SELECT ID FROM CAMPEONATO WHERE NOME = 'Campeonato Nacional 2023')),
(1, (SELECT ID FROM CAMPEONATO WHERE NOME = 'Campeonato Estadual 2023')),
(2, (SELECT ID FROM CAMPEONATO WHERE NOME = 'Campeonato Estadual 2023'));

-- Add athletes
INSERT INTO ATLETA (CPF, NOME, DATA_NASCIMENTO) VALUES 
('123.456.789-00', 'Atleta A', TO_DATE('1995-01-01', 'YYYY-MM-DD')),
('987.654.321-00', 'Atleta B', TO_DATE('1996-02-02', 'YYYY-MM-DD'));

-- Associate athletes with teams
INSERT INTO ATLETA_TIME (ATLETA_CPF, TIME_ID) VALUES 
('123.456.789-00', 1),
('987.654.321-00', 1);

INSERT INTO PARTIDA (CAMPEONATO_ID, DATA_HORA, LOCAL, ARBITRO1_CPF, VENCEDOR) VALUES
((SELECT ID FROM CAMPEONATO WHERE NOME = 'Campeonato Nacional 2023'), TO_TIMESTAMP('2023-03-10 16:00:00', 'YYYY-MM-DD HH24:MI:SS'), 'SAO CARLOS', '111.111.111-11', 1),
((SELECT ID FROM CAMPEONATO WHERE NOME = 'Campeonato Estadual 2023'), TO_TIMESTAMP('2023-03-15 18:00:00', 'YYYY-MM-DD HH24:MI:SS'), 'SAO CARLOS', '222.222.222-22', 1),
((SELECT ID FROM CAMPEONATO WHERE NOME = 'Campeonato Nacional 2023'), TO_TIMESTAMP('2023-03-20 20:00:00', 'YYYY-MM-DD HH24:MI:SS'), 'SAO CARLOS', '333.333.333-33', 1);

INSERT INTO PARTIDA_TIMES (TIME_ID, PARTIDA_ID, DESEMPENHO) VALUES
(1, (SELECT ID FROM PARTIDA WHERE DATA_HORA = TO_TIMESTAMP('2023-03-10 16:00:00', 'YYYY-MM-DD HH24:MI:SS')), 9.0),
(1, (SELECT ID FROM PARTIDA WHERE DATA_HORA = TO_TIMESTAMP('2023-03-15 18:00:00', 'YYYY-MM-DD HH24:MI:SS')), 8.5),
(1, (SELECT ID FROM PARTIDA WHERE DATA_HORA = TO_TIMESTAMP('2023-03-20 20:00:00', 'YYYY-MM-DD HH24:MI:SS')), 9.5),
(2, (SELECT ID FROM PARTIDA WHERE DATA_HORA = TO_TIMESTAMP('2023-03-10 16:00:00', 'YYYY-MM-DD HH24:MI:SS')), 7.5),
(2, (SELECT ID FROM PARTIDA WHERE DATA_HORA = TO_TIMESTAMP('2023-03-15 18:00:00', 'YYYY-MM-DD HH24:MI:SS')), 8.0),
(2, (SELECT ID FROM PARTIDA WHERE DATA_HORA = TO_TIMESTAMP('2023-03-20 20:00:00', 'YYYY-MM-DD HH24:MI:SS')), 7.0);

INSERT INTO ARBITRO (CPF, NOME, DATA_NASCIMENTO, FEDERACAO, COD_REGISTRO) VALUES
('444.444.444-44', 'ARBITRO D', TO_DATE('1985-05-05', 'YYYY-MM-DD'), 'FEDERACAO D', 'ARBD'),
('555.555.555-55', 'ARBITRO E', TO_DATE('1980-06-06', 'YYYY-MM-DD'), 'FEDERACAO E', 'ARBE');

INSERT INTO ESPECIALIDADE_ARBITROS (ESPORTE_NOME, ARBITRO_CPF) VALUES
('FUTEBOL', '444.444.444-44'),
('FUTEBOL', '555.555.555-55');

UPDATE PARTIDA SET ARBITRO1_CPF = '444.444.444-44' WHERE DATA_HORA = TO_TIMESTAMP('2023-03-10 16:00:00', 'YYYY-MM-DD HH24:MI:SS');
UPDATE PARTIDA SET ARBITRO1_CPF = '555.555.555-55' WHERE DATA_HORA = TO_TIMESTAMP('2023-03-15 18:00:00', 'YYYY-MM-DD HH24:MI:SS');
